{"cameraMode":{"drawMode":0,"name":"Shaded","section":"Shading Mode"},"sceneLighting":false,"audioPlay":false,"sceneViewState":{"m_AlwaysRefresh":false,"showFog":true,"showSkybox":false,"showFlares":true,"showImageEffects":true,"showParticleSystems":true,"showVisualEffectGraphs":true,"m_FxEnabled":true},"in2DMode":false,"pivot":{"x":-0.06140327453613281,"y":0.9291439056396484,"z":0.052715301513671878},"rotation":{"x":0.26706039905548098,"y":-0.32081151008605959,"z":0.09480059891939163,"w":0.9037560820579529},"size":2.2112185955047609,"orthographic":true}