{"cameraMode":{"drawMode":0,"name":"Shaded","section":"Shading Mode"},"sceneLighting":true,"audioPlay":false,"sceneViewState":{"m_AlwaysRefresh":false,"showFog":true,"showSkybox":true,"showFlares":true,"showImageEffects":true,"showParticleSystems":true,"showVisualEffectGraphs":true,"m_FxEnabled":true},"in2DMode":false,"pivot":{"x":0.6882545948028565,"y":0.7186743021011353,"z":2.766521453857422},"rotation":{"x":-0.002086915075778961,"y":0.9679518938064575,"z":-0.008058096282184124,"w":-0.25106775760650637},"size":2.98927640914917,"orthographic":true}