{"cameraMode":{"drawMode":0,"name":"Shaded","section":"Shading Mode"},"sceneLighting":true,"audioPlay":false,"sceneViewState":{"m_AlwaysRefresh":false,"showFog":true,"showSkybox":true,"showFlares":true,"showImageEffects":true,"showParticleSystems":true,"showVisualEffectGraphs":true,"m_FxEnabled":true},"in2DMode":false,"pivot":{"x":0.6500000953674316,"y":2.2899999618530275,"z":-3.559999704360962},"rotation":{"x":-0.14758425951004029,"y":0.29622095823287966,"z":-0.04639066755771637,"w":-0.9425315260887146},"size":12.12435531616211,"orthographic":true}