{"cameraMode":{"drawMode":0,"name":"Shaded","section":"Shading Mode"},"sceneLighting":false,"audioPlay":false,"sceneViewState":{"m_AlwaysRefresh":false,"showFog":false,"showSkybox":false,"showFlares":false,"showImageEffects":false,"showParticleSystems":false,"showVisualEffectGraphs":true,"m_FxEnabled":true},"in2DMode":false,"pivot":{"x":-0.0266006737947464,"y":0.19320976734161378,"z":0.013670608401298523},"rotation":{"x":-0.1598575860261917,"y":0.32774773240089419,"z":-0.05637102574110031,"w":-0.9294601678848267},"size":0.2938729524612427,"orthographic":true}